customer_id,days_since_last_order,total_orders,total_spend
17592,759,1,148.3
17056,759,1,128.6
14654,759,1,246.86
13526,759,2,1182.0
12636,759,1,141.0
17909,758,1,132.55
17818,758,1,130.18
17606,758,1,87.3
17087,758,1,221.53
15833,758,1,80.4
14980,758,1,150.68
14106,758,1,214.8
17271,757,1,210.39
16301,757,1,107.33
15794,757,2,777.0
14750,757,1,112.03
14347,757,1,82.6
12934,757,1,181.65
17151,756,1,231.9
16645,756,1,160.39
16541,756,1,424.03
16192,756,1,351.3
15999,756,1,20.4
14979,756,1,439.46
16410,755,1,130.32
16964,754,2,207.85
16277,754,1,188.69
15479,754,1,147.4
14717,754,1,81.3
14468,754,1,204.24
14123,754,1,436.18
18162,753,1,379.16
17441,753,1,293.35
14955,753,1,163.77
14574,753,1,143.7
14003,753,1,209.41
13905,753,1,312.65
12443,753,1,485.31
17178,752,1,436.71
15924,752,1,102.82
15162,752,1,312.9
13204,752,1,966.66
13025,752,1,323.39
17296,751,1,338.13
15302,751,1,308.0
15209,751,1,178.98
13498,751,1,327.38
13114,751,1,234.38
12487,751,1,285.3
16901,750,1,204.26
16663,750,1,165.0
16459,750,1,71.79
15642,750,1,105.78
15085,750,1,347.54
12979,750,1,517.7
17487,749,1,160.55
17910,747,1,261.7
17066,747,1,228.34
13768,747,2,875.97
13087,747,1,313.64
17318,746,1,164.28
17012,746,1,384.16
16280,746,1,238.05
16064,746,1,111.0
15672,746,1,45.3
15534,746,1,162.25
15188,746,1,310.43
14977,746,1,31.93
14042,746,1,431.98
12992,746,1,93.35
17067,745,3,454.54
16605,745,1,60.48
12941,745,1,377.49
18012,744,1,115.3
17833,744,1,342.36
16694,744,1,98.3
16195,744,1,323.25
15499,744,1,161.6
13289,744,1,307.95
18201,743,1,447.53
18186,743,1,329.58
17103,743,1,424.3
16908,743,1,252.59
16439,743,1,310.7
14095,743,1,2.95
17927,742,1,294.0
15409,742,1,131.25
13847,740,1,310.72
13111,739,1,321.88
14969,724,1,906.23
15324,722,1,140.22
18115,718,1,9.7
17945,717,3,360.35
17352,717,1,36.25
13622,717,1,658.95
14137,716,1,332.7
16304,715,1,381.66
12860,714,1,55.47
15413,712,5,6798.72
13907,712,1,136.8
15375,711,1,60.96
14892,711,1,202.35
16867,710,1,76.74
15697,710,1,246.75
14983,710,1,183.2
13315,710,1,310.26
12470,710,1,211.95
17875,709,1,167.1
13457,709,2,148.22
14207,708,1,157.8
17794,707,2,147.3
16822,707,1,181.39
14274,707,1,256.6
14879,705,1,185.06
14751,705,2,126.45
14070,705,1,326.55
13036,705,1,307.1
18199,704,1,344.75
14519,704,2,206.09
14376,704,1,215.46
16481,703,1,453.38
16291,703,1,117.72
16047,703,1,107.14
15959,703,3,579.49
14380,703,1,48.96
12846,703,1,15.58
12606,703,1,21.0
12570,703,1,77.52
12555,703,1,129.23
12466,703,1,56.73
12439,703,2,1158.18
12404,703,1,63.24
16051,702,1,188.44
12869,702,1,337.67
17982,701,1,138.18
16137,701,1,422.7
14831,701,3,1676.57
14613,701,1,76.32
16802,700,2,582.61
16673,700,1,188.83
15487,700,1,231.32
15588,698,1,579.6
15338,698,1,283.43
15317,698,1,129.75
14637,698,1,106.68
13392,698,1,91.14
13628,697,1,310.14
13511,697,1,282.76
18175,696,1,176.1
12848,696,1,208.0
14545,695,1,349.25
13757,695,1,195.55
13553,695,1,517.8
12396,695,1,931.43
17328,694,1,104.7
14151,694,2,679.45
18267,693,1,269.37
13234,693,2,356.95
13009,693,1,234.0
16082,691,1,106.75
18070,690,1,314.1
17319,690,1,29.1
17294,690,2,467.79
15892,690,1,128.2
14884,690,1,120.6
17810,689,2,374.81
16530,689,1,48.35
16436,689,3,329.34
15082,689,1,93.35
13119,689,1,134.9
17780,688,3,352.91
17575,688,1,171.7
15176,688,1,988.04
13442,688,3,419.87
12776,688,1,55.5
16577,687,1,380.0
15765,687,1,370.63
14190,687,1,79.9
14072,687,1,390.85
15293,686,1,247.5
17108,684,1,174.95
15964,684,1,272.96
14943,684,1,107.62
17136,683,1,231.68
15371,683,1,59.4
15359,683,8,181.35
17778,682,1,197.7
17662,682,2,412.92
15662,682,2,283.73
14989,682,1,342.4
18285,681,1,427.0
14244,681,1,366.42
18153,680,1,246.22
17721,680,1,307.21
15693,680,1,37.5
14783,680,1,307.3
13604,679,1,717.62
13191,679,1,164.69
15928,677,1,293.53
14602,677,1,205.36
12416,677,1,202.56
17439,676,1,325.74
17195,676,1,562.98
15295,675,1,217.24
14726,675,1,124.75
14558,675,3,655.5
14091,675,2,9530.08
13490,675,1,154.25
16388,674,1,186.05
13944,674,1,200.43
13765,674,1,352.82
13469,674,1,82.4
17207,673,1,303.22
16118,673,1,4376.25
14402,673,1,285.6
18046,670,1,189.63
17209,670,3,611.6
15943,670,2,271.29
15477,670,1,368.4
17305,669,1,2135.46
17116,669,1,389.78
16731,669,1,174.05
16273,669,2,336.04
14131,669,1,187.87
17638,668,2,842.4
15927,668,1,123.39
18152,667,1,426.69
18148,667,1,114.1
16285,667,1,176.9
15875,667,1,111.72
13793,667,1,96.0
17577,666,2,348.75
14018,666,1,367.15
13879,666,1,395.5
15929,665,1,594.0
12568,665,1,70.0
18253,663,1,317.88
18029,663,1,433.77
16534,663,1,635.9
15631,663,1,596.67
14369,663,2,469.13
17488,662,1,336.5
16537,662,1,23.35
13454,662,1,219.87
17907,661,1,291.76
15250,661,1,60.0
13641,661,5,1016.47
12495,661,1,357.4
15558,660,1,214.13
13413,660,6,429.44
12954,659,1,162.45
17065,658,2,194.7
15941,658,1,405.0
13724,658,1,213.01
12692,658,1,110.95
16911,656,2,255.25
13688,656,1,375.5
18051,655,7,2282.28
13543,655,2,1439.61
13530,655,1,402.98
17568,654,1,382.79
14604,654,1,143.86
12366,654,1,500.24
17933,653,1,114.69
17479,653,1,389.26
13902,653,5,34095.26
13612,653,1,818.29
18187,652,1,724.89
18131,652,1,222.96
15496,652,1,146.14
13128,652,1,263.5
16508,651,1,248.8
16452,651,2,332.17
15760,651,2,13916.34
14832,651,1,322.69
17916,649,2,43.87
17587,649,1,181.66
17285,649,2,428.34
16397,649,1,127.88
12796,649,1,381.0
12368,649,1,917.7
14928,648,1,223.91
12533,648,2,1367.89
16970,647,1,71.4
16615,647,1,291.5
16578,647,1,156.6
16296,647,4,1313.67
14596,647,1,229.47
13445,647,1,241.9
12918,647,1,10953.5
17072,646,1,282.05
16741,646,1,173.06
16077,646,1,2300.4
16002,646,1,169.21
13896,646,1,388.55
12742,646,1,1201.52
16090,645,1,205.91
15698,645,1,46.2
13459,645,2,1160.41
12663,645,2,239.4
18166,644,1,175.5
15911,644,8,1702.34
14330,644,1,200.63
14074,644,1,219.4
15848,642,1,139.94
15231,642,1,250.26
14809,642,2,686.76
14771,642,2,594.62
14378,642,1,131.25
13825,642,2,255.59
13053,642,1,127.65
16502,641,2,266.5
13412,641,1,487.35
12496,641,2,54.09
17586,640,1,167.4
15742,640,1,156.87
15575,640,1,30.1
15029,640,1,365.1
12861,640,1,68.25
16845,639,1,253.88
16704,639,2,695.66
14706,639,1,390.69
13219,639,1,76.23
13179,639,1,572.31
17993,638,1,235.19
17539,638,4,1226.57
14694,638,1,244.31
14200,638,1,379.2
17477,633,2,1144.3
15770,633,1,321.45
14990,633,2,305.42
13071,633,1,129.22
16941,632,1,33.0
15112,632,1,209.4
13640,632,1,405.0
12711,632,2,1339.05
17529,631,2,1240.25
15613,631,1,433.72
15309,631,4,797.96
14160,631,7,8421.47
13852,631,1,187.35
13163,631,1,17.65
18271,630,2,680.85
16944,630,1,101.36
13197,630,1,373.01
12786,630,1,728.5
13180,628,1,86.1
15546,627,2,1079.1
14791,627,1,303.63
12671,627,1,2622.48
15982,626,1,324.51
14172,626,3,402.72
12459,626,1,454.36
17039,625,1,1954.99
15771,625,3,1006.54
16840,624,2,139.85
15354,624,3,284.4
13661,624,1,325.24
13287,624,3,781.59
17842,623,1,430.69
17626,623,1,254.0
15979,623,1,329.22
12969,623,1,122.45
13286,621,1,734.91
17474,620,1,1047.0
16548,620,1,30.15
15682,620,2,318.24
15273,620,1,228.96
14845,620,1,150.0
18134,619,2,445.0
17825,619,4,731.96
14812,619,1,185.8
13042,619,3,1556.54
12983,619,1,490.08
12780,619,1,337.4
17681,618,5,731.2
17622,618,2,1130.21
15455,618,1,38.25
17729,617,1,438.65
17240,617,1,130.6
17057,617,1,294.74
14917,617,2,1123.75
14556,617,3,835.34
13935,617,3,6116.92
13698,617,2,465.53
13625,617,1,301.26
16028,616,1,82.2
15548,616,1,158.09
15474,616,1,163.1
18091,614,1,360.85
16585,614,2,341.59
16068,614,1,122.93
13609,614,1,167.35
17959,613,1,140.75
17093,613,1,235.88
15586,613,3,1139.1
14999,613,1,129.48
14773,613,1,140.55
14743,613,1,50.48
14677,613,1,184.91
17185,612,3,229.46
16749,612,2,4387.08
16543,612,1,292.21
16408,612,1,231.93
16267,612,1,186.66
14471,612,2,400.95
12392,612,1,234.75
17605,611,1,160.75
14724,611,1,345.25
13775,611,1,1049.66
12698,611,1,339.75
18111,610,1,405.85
15954,610,1,190.75
14650,610,1,62.5
15818,609,1,340.5
14683,609,1,146.56
17565,607,1,131.83
16651,607,1,136.2
15229,607,1,160.5
18163,605,1,728.84
15391,605,1,289.87
13143,605,1,405.1
13039,605,4,1010.73
12503,605,1,1126.0
18028,604,1,192.05
15868,604,1,94.53
13393,604,4,1131.45
17199,603,1,145.12
15591,603,3,217.9
13400,603,1,310.83
13175,603,2,831.45
18254,602,1,267.9
17798,602,1,183.09
17225,602,1,131.15
17028,602,3,1593.83
14826,602,2,385.2
14814,602,1,160.46
13830,602,1,156.85
14678,600,1,403.39
13007,600,1,175.25
18275,599,2,741.85
17563,599,2,392.38
17077,599,1,306.0
14941,599,1,182.1
14588,599,1,135.39
14361,599,1,214.71
13407,599,3,2244.7
13051,599,2,155.8
16487,598,2,209.4
13943,598,1,246.54
13222,598,1,88.5
17484,597,2,209.57
17016,597,1,552.4
14685,597,8,4619.79
14391,597,1,135.6
13834,597,2,324.19
12905,597,2,1018.42
12482,597,29,23691.4
18197,596,1,230.1
16088,596,2,1437.43
15470,596,1,63.42
12894,596,1,157.35
12549,596,6,1575.68
17113,595,6,2322.59
16922,593,1,611.08
16507,593,1,152.76
14982,593,1,237.78
18157,592,1,215.35
14017,592,1,229.75
13432,592,2,439.1
15282,591,1,348.59
17184,590,2,198.41
16664,590,1,109.2
16564,590,1,87.8
14325,590,1,245.48
13164,590,2,372.2
15559,589,1,1109.4
14464,589,2,111.0
13616,589,2,288.1
18208,586,1,360.08
14010,586,2,445.15
18052,585,1,10877.18
18000,585,1,124.25
16831,585,1,91.8
15086,585,2,218.53
14394,585,1,93.8
12773,585,1,124.25
16328,584,1,310.83
15217,584,1,426.24
14993,584,1,36.13
17074,583,1,203.05
16844,583,2,614.34
16604,583,2,432.45
16067,583,3,3395.29
16046,583,1,235.78
15323,583,3,434.6
14938,583,2,2322.43
13020,583,2,618.96
16695,582,2,193.15
15878,582,2,330.77
15340,582,1,105.5
15278,582,4,496.16
17583,581,1,135.95
16035,581,1,217.73
12499,581,1,393.72
17617,579,1,395.33
12943,579,2,496.5
18038,577,1,149.41
15711,577,2,420.25
17845,576,4,598.19
16896,576,1,103.95
15715,576,5,658.02
15305,576,1,93.6
14033,576,1,109.44
12677,576,2,395.1
17216,575,1,65.05
16798,575,3,848.71
18206,574,1,314.66
15731,574,1,125.3
12675,574,2,958.5
18234,572,1,179.6
18137,572,2,145.99
17915,572,1,242.13
17009,572,1,242.06
16335,572,7,2774.0
15956,572,2,617.6
13056,572,1,209.48
12911,572,1,1680.47
18100,571,1,451.56
17784,571,1,112.86
14786,571,1,90.96
14028,571,3,10396.5
18103,570,1,105.8
17543,570,1,120.05
14671,570,2,1127.45
14308,570,2,1147.02
17971,569,1,161.94
17808,569,4,262.64
17417,569,1,164.18
15352,569,1,114.95
17032,568,8,3004.6
16862,568,4,662.33
15684,568,3,173.95
15183,568,3,639.93
13438,568,1,46.5
17902,567,1,216.4
17246,567,2,38.92
16547,567,1,111.71
14255,567,1,1000.63
13794,567,1,126.03
13337,567,1,1575.26
16132,565,2,664.2
13619,565,2,231.69
13190,565,3,570.66
18020,564,1,190.48
17922,564,1,170.4
16622,564,1,225.4
15905,564,1,114.69
13383,564,1,305.28
17020,563,2,935.62
15926,563,1,134.44
15816,563,2,144.15
17401,562,1,114.85
16538,562,3,399.62
15040,562,1,7.49
14374,562,1,108.0
13586,562,1,131.53
13112,562,1,20.6
17953,561,1,160.82
17610,561,5,1529.49
16925,561,1,125.65
16661,561,4,986.63
16492,561,1,385.56
15718,561,1,293.79
13608,561,1,236.2
12746,561,1,254.55
14919,560,1,359.35
13676,560,2,243.9
12932,560,8,1698.56
18128,558,1,420.04
16486,558,1,134.36
15538,558,6,3358.4
17192,557,1,77.83
16390,557,3,467.5
15126,557,2,449.49
14874,556,1,116.18
12774,556,1,98.7
12634,556,2,490.0
17304,555,1,111.5
15991,555,1,150.55
15913,555,1,6.3
14509,555,1,110.95
13942,555,1,320.0
12810,555,2,534.99
17099,554,1,582.17
16683,554,1,320.25
18214,551,4,1780.34
16453,551,2,251.71
15102,551,2,554.67
13585,551,3,684.54
13057,551,3,722.09
17437,550,1,373.17
16733,550,1,259.68
12799,550,1,219.35
12741,550,2,406.07
12485,550,1,708.1
17332,549,5,838.27
14835,549,2,297.0
14774,549,1,241.45
13620,549,1,112.34
12529,549,1,316.48
17748,548,1,358.15
15486,548,1,102.0
13872,548,3,919.57
15851,547,1,109.73
14366,546,1,136.0
13125,544,1,158.57
16974,543,2,365.5
16158,543,9,628.32
14900,543,1,13.92
12469,543,2,3070.54
15650,542,2,553.88
14876,542,2,256.7
12825,542,2,518.63
12730,542,1,829.25
17129,541,1,31.85
16649,541,1,306.58
16443,541,1,162.24
15137,541,2,823.4
15056,541,1,133.45
14279,541,2,191.86
12632,541,2,804.88
18279,540,1,231.34
16544,540,4,376.7
14695,540,3,1620.07
13997,540,3,382.31
14580,539,1,14.85
14516,537,1,163.92
13595,537,3,818.22
18238,536,1,270.92
17847,536,2,129.69
13779,536,1,161.13
17773,535,2,585.27
14069,535,2,230.06
17559,533,1,167.62
17145,533,4,3120.91
16435,533,3,1011.57
16251,533,1,128.31
15542,533,3,918.45
15259,533,4,1182.38
14084,533,1,150.5
14007,533,1,79.48
13559,533,2,990.0
14486,532,2,175.5
14430,532,3,1220.9
13074,532,4,1378.74
18021,530,2,227.06
17541,530,1,124.46
17261,530,1,230.44
15633,530,13,4352.46
14674,530,1,173.66
14563,530,2,679.44
17395,529,1,97.5
16467,529,7,2869.16
15788,529,1,221.83
13734,529,4,6701.64
14797,528,1,300.31
14061,528,3,917.43
13913,527,1,42.22
17177,526,1,119.5
16736,526,5,2956.56
16165,526,1,79.9
14858,526,1,180.75
14166,526,2,256.85
13788,526,1,3.75
13371,526,2,2297.66
18132,525,1,226.9
12595,525,1,299.02
17112,523,1,205.17
16894,523,3,1324.06
16075,523,2,736.93
15946,523,3,2304.18
15431,523,1,153.24
13201,523,4,1240.61
17494,522,1,54.7
17224,522,1,100.86
15015,522,13,2365.02
14435,522,1,90.42
14115,522,2,622.67
13433,522,4,658.32
12813,522,3,1687.8
18026,521,2,2074.07
17918,521,3,396.39
16219,521,1,40.8
15284,521,1,24.75
14384,521,1,58.5
13855,521,4,1310.34
12801,521,1,1071.82
18207,520,1,544.47
16937,520,1,202.1
15873,520,4,313.92
15331,520,3,767.91
13796,520,1,289.7
18264,519,1,603.25
17168,519,1,400.2
14833,519,1,94.8
12737,519,2,3710.5
12525,519,3,973.73
17448,518,46,14556.97
13766,516,1,190.35
15200,515,1,549.05
15077,515,2,2428.08
17665,514,1,563.1
14253,514,2,363.4
13679,514,3,281.26
16417,513,1,35.7
16334,513,1,277.48
15798,513,3,1535.37
15387,513,1,468.65
15369,513,11,6251.26
12998,513,3,920.08
17156,512,1,591.87
15403,512,2,170.88
14521,512,1,199.45
14043,512,2,304.25
13084,512,1,122.4
15908,511,2,764.57
16939,509,3,449.0
16196,509,1,93.3
14575,509,1,460.71
17482,508,2,778.19
15595,508,1,357.6
15013,508,10,1641.3
13783,508,4,1542.09
13653,508,1,152.2
14144,507,1,30.6
13839,507,1,139.95
12745,507,3,925.41
16632,506,2,406.4
14822,506,1,157.7
14736,506,2,401.08
12771,506,1,282.3
14630,505,1,338.65
13150,505,3,449.97
12959,505,1,150.95
12542,505,2,481.88
14872,504,3,816.6
14153,504,1,233.4
16631,502,7,1892.52
15893,502,1,305.28
14996,502,2,442.29
14097,502,2,422.86
15008,501,2,360.0
14011,501,2,457.82
13063,501,1,188.4
12687,501,2,2138.91
15072,500,1,187.52
14749,500,1,310.15
14531,500,1,376.34
17627,499,1,296.36
15310,499,1,1634.64
15268,499,3,961.9
17745,498,2,600.34
17599,498,1,52.05
16299,498,1,193.65
16286,498,2,328.95
18286,497,2,1296.43
17699,497,2,442.0
16890,497,3,285.41
16562,497,1,223.86
16396,497,1,137.8
16294,497,1,126.05
16234,497,3,333.18
15702,497,2,140.39
13965,497,3,996.61
17471,495,1,321.65
16004,495,5,2146.39
15055,495,3,560.07
14767,495,1,382.81
18140,494,1,536.41
15003,494,6,1060.7
14187,494,1,123.5
18124,493,1,111.53
17336,493,1,81.12
17292,493,2,271.75
15666,493,2,632.94
13415,493,4,800.67
13361,493,2,1450.5
13123,493,2,506.75
12765,493,6,1404.58
17963,492,4,651.51
14787,492,1,110.65
14260,492,3,824.28
17005,491,2,742.36
16375,491,2,104.0
16288,491,1,129.85
14268,491,1,354.85
14026,491,2,713.11
13024,491,2,555.87
12800,491,3,584.25
17270,490,2,604.4
16870,490,1,450.16
16197,490,9,2016.71
14949,490,4,515.0
13478,490,5,2215.78
17792,488,2,370.05
15784,488,2,848.33
15430,488,2,954.75
15166,488,1,167.16
13540,488,3,632.39
16819,486,2,182.59
14433,486,1,289.6
13714,486,1,161.35
12804,486,2,327.02
18258,485,6,2059.67
17753,485,4,390.56
17215,485,1,186.15
16290,485,4,2069.3
14025,485,8,4057.9
13399,485,3,275.4
18182,484,1,291.13
16993,484,2,1950.95
15779,484,2,124.08
15564,484,2,70.74
15191,484,3,588.05
15094,484,2,83.0
14283,484,4,628.44
13916,484,4,1275.81
13472,484,2,592.24
12898,484,2,310.96
12788,484,4,444.9
16289,483,1,136.31
16100,483,1,582.64
15378,483,2,246.5
14086,483,1,39.95
14058,483,2,469.19
13346,483,6,299.4
12440,483,2,859.2
15751,481,11,1380.44
15461,481,2,429.7
14318,481,1,158.02
13250,481,2,256.04
16246,480,2,827.25
15741,479,2,208.62
12859,479,1,575.1
12819,479,1,540.52
15627,478,2,566.9
15141,478,7,1388.47
13683,478,1,258.6
13076,478,1,135.4
12777,478,1,519.45
12761,478,2,782.95
12575,478,2,622.82
17762,477,1,129.75
16886,477,1,134.0
16095,477,1,447.05
16032,477,6,1970.45
15972,477,5,1810.27
14444,477,1,132.04
12460,477,1,326.65
17369,476,1,979.2
14445,476,1,221.65
12760,476,1,347.8
16815,474,2,410.97
16608,474,2,1288.72
15824,474,2,890.94
14635,474,1,215.22
17132,473,2,1272.8
16860,473,3,1610.62
15401,473,2,216.95
13613,473,5,1039.85
13129,473,2,233.25
17801,472,3,798.33
17149,472,1,143.1
13312,472,1,124.75
15966,471,1,426.53
15685,471,1,55.98
15629,471,4,2240.9
14370,471,6,1175.78
13041,471,4,799.13
12768,471,1,168.69
16646,470,1,678.8
15962,470,1,295.83
13424,470,1,572.77
17743,469,1,229.2
16371,469,1,157.2
15362,469,2,613.08
13443,469,6,1280.16
12554,469,1,468.5
12543,469,1,980.25
18089,467,1,428.45
16524,467,2,308.14
13998,467,3,566.7
13701,467,1,161.0
13465,467,2,931.12
17055,466,1,239.55
14906,466,1,68.44
14668,466,1,111.63
13702,466,1,135.18
12850,466,1,330.0
17161,465,1,856.01
12751,465,1,268.27
17840,464,1,185.72
14933,464,4,1770.0
14611,464,2,604.33
14372,464,2,860.08
14182,464,4,678.77
13288,464,5,927.61
13205,464,1,2803.2
18107,463,1,167.13
17021,463,6,1182.22
16857,463,1,352.8
15761,463,1,143.05
14992,463,1,210.5
13264,463,1,722.56
16675,462,2,608.86
14269,460,1,295.73
14094,460,1,335.22
13281,460,1,350.85
17280,459,1,118.86
16636,459,4,3802.04
16264,459,2,837.53
15616,459,1,317.11
14802,459,2,1502.98
14328,459,1,445.05
14063,459,9,22710.2
13687,459,1,11880.84
13290,459,1,208.63
18049,458,2,556.52
16269,458,1,717.57
16237,458,1,136.65
15871,458,1,33.1
15614,458,4,3147.36
14909,458,3,1404.68
14634,458,4,2124.46
14228,458,3,745.5
12964,458,1,132.24
17257,457,2,192.73
16783,457,1,391.95
16490,457,1,205.41
14843,457,1,211.8
13797,457,3,1179.45
13257,457,1,149.75
13105,457,1,72.0
12975,457,6,2100.09
12946,457,1,324.45
12661,457,1,162.0
16958,456,1,809.44
16522,456,2,433.36
16044,456,1,340.84
15736,456,2,1815.72
14742,456,1,579.85
14707,456,2,139.2
14568,456,1,919.7
14230,456,3,979.8
13966,456,1,390.86
13729,456,3,724.73
12806,456,4,2878.96
18266,455,1,251.1
17533,455,1,34.8
17380,455,3,645.0
16864,455,2,409.25
16472,455,2,789.6
15451,455,2,233.21
15420,455,6,743.0
15190,455,1,834.44
14564,455,2,2605.62
14425,455,3,661.39
14225,455,4,2037.02
12696,455,2,851.91
17366,453,2,1096.24
16799,453,2,495.98
16331,453,6,2037.7
16312,453,1,171.15
15884,453,2,249.7
15859,453,1,438.46
15196,453,2,316.25
14579,453,1,105.56
14455,453,4,628.21
14392,453,1,266.4
14310,453,1,492.1
14254,453,1,601.03
14008,453,1,509.04
13674,453,1,240.68
13380,453,1,62.4
13326,453,1,281.76
18284,452,1,461.68
16476,452,1,350.35
16061,452,1,89.65
15778,452,1,307.95
13920,452,4,1774.68
13367,452,1,510.2
13360,452,4,1553.65
12486,452,1,1037.28
18244,451,2,568.64
17657,451,1,126.0
16760,451,1,228.0
16300,451,3,1392.43
15490,451,1,217.6
14991,451,1,314.67
14663,451,2,490.6
14492,451,7,1921.91
14302,451,3,742.9
14169,451,2,624.43
13446,451,11,3881.89
13306,451,1,53.65
17008,450,1,81.36
16307,450,3,1194.92
14322,450,4,474.1
13861,450,2,273.26
13818,450,1,61.28
13556,450,2,200.82
13022,450,1,65.3
17249,449,1,68.03
17127,449,5,1155.03
16166,449,2,435.83
16111,449,1,562.48
15931,449,1,239.9
15600,449,4,1199.31
14266,449,1,40.56
14118,449,1,458.45
13785,449,4,542.49
13776,449,2,623.98
13567,449,4,1083.69
13423,449,1,217.03
12986,449,10,2729.84
12903,449,1,833.53
12511,449,1,3084.02
17196,448,1,352.9
16568,448,2,1020.9
16329,448,4,1703.07
15080,448,2,546.25
14846,448,1,437.4
14186,448,5,1550.63
13541,448,2,785.25
13406,448,2,568.92
12835,448,41,6043.31
17518,446,2,329.42
17465,446,7,2542.79
16579,446,1,295.05
15418,446,2,452.32
15177,446,1,948.93
14734,446,4,1056.42
14571,446,1,161.65
13537,446,2,717.85
12862,446,2,1008.32
17635,445,3,1265.58
17273,445,1,141.12
17264,445,1,279.59
14590,445,20,3006.62
14319,445,1,494.85
17944,444,1,75.41
17710,444,1,293.5
17104,444,1,474.03
16975,444,3,926.12
16772,444,3,3723.55
16263,444,1,351.01
16039,444,2,456.4
15151,444,2,2085.61
14838,444,2,773.67
14263,444,1,322.93
13968,444,1,123.66
13912,444,1,124.95
13909,444,2,286.6
13440,444,7,1295.25
12655,444,1,261.35
12467,444,1,132.8
17851,443,6,1563.34
17182,443,2,321.3
16238,443,1,63.66
16130,443,4,987.48
15242,443,1,302.04
14316,443,5,1370.34
13770,443,4,785.37
12900,443,1,340.33
18090,442,1,349.4
17823,442,2,494.25
17751,442,1,157.86
17717,442,1,376.92
16991,442,1,1041.21
16176,442,4,2052.69
15735,442,1,327.68
14956,442,1,1325.0
14343,442,4,1088.91
14296,442,2,456.4
13829,442,1,102.0
13696,442,3,2020.4
17938,441,1,144.29
17822,441,5,2188.5
17687,441,1,432.68
17390,441,1,149.3
17316,441,1,124.45
17202,441,1,160.65
16576,441,2,540.87
16465,441,2,746.24
16336,441,4,3517.69
15817,441,3,2766.4
15686,441,1,90.0
15202,441,3,6001.49
14168,441,2,370.45
17141,439,4,754.33
16691,439,2,178.83
15772,439,1,280.88
15688,439,1,190.57
14877,439,2,437.0
14839,439,3,915.28
13820,439,3,660.65
17143,438,2,924.11
17023,438,3,800.18
16854,438,2,1408.96
16069,438,1,457.7
15934,438,2,2190.66
15710,438,1,898.87
15459,438,2,202.83
14940,438,2,531.49
13957,438,3,458.25
13387,438,1,189.44
13214,438,7,3264.23
13152,438,7,2146.38
13088,438,1,236.11
12699,438,1,638.11
17137,437,6,1133.63
15207,437,3,683.92
14648,437,15,4546.86
14469,437,4,2112.21
13840,437,1,651.4
13480,437,2,627.82
16702,436,4,1110.83
16521,436,3,1148.01
15647,436,1,169.0
14612,436,1,877.7
13981,436,1,331.14
12387,436,1,143.94
18247,435,3,839.73
18243,435,1,515.78
17834,435,2,730.47
16540,435,1,226.7
16310,435,2,460.08
16167,435,5,1386.12
15995,435,1,696.19
14686,435,5,885.83
13386,435,2,835.46
13374,435,2,422.8
13195,435,1,172.38
12400,435,1,205.25
16428,434,3,660.28
14945,434,1,179.4
14728,434,1,190.58
13746,434,1,176.69
12973,434,1,385.55
12972,434,4,1161.2
12960,434,4,1322.07
12899,434,1,366.4
12369,434,3,1791.15
17435,432,1,331.35
17407,432,1,552.9
17260,432,1,120.95
16920,432,1,355.45
16677,432,2,880.62
15337,432,1,373.02
15248,432,3,1893.93
14183,432,2,286.29
13977,432,1,519.81
13574,432,1,421.25
13333,432,3,1015.74
13241,432,1,115.58
13073,432,2,418.08
12926,432,4,1548.46
17981,431,1,239.12
17393,431,2,381.15
16259,431,3,361.94
15294,431,1,233.35
15064,431,4,1254.41
14718,431,1,226.42
14249,431,12,5625.46
14197,431,1,390.05
14181,431,2,310.55
13733,431,2,487.03
17327,430,2,152.35
16962,430,1,251.04
16785,430,1,533.78
15876,430,2,1449.14
15536,430,1,259.09
14324,430,2,701.61
14278,430,1,205.83
13906,430,1,42.0
13578,430,1,147.66
13274,430,1,360.85
12411,430,1,346.9
18060,429,2,1185.46
17478,429,2,1272.8
17473,429,2,607.0
17326,429,2,321.95
16382,429,2,353.1
14281,429,1,245.15
13713,429,3,743.26
13547,429,1,175.53
12563,429,1,249.24
12537,429,1,732.94
12505,429,1,955.2
17853,428,3,1608.19
16630,428,1,106.8
16129,428,3,1396.05
15328,428,1,107.24
15285,428,1,94.92
14303,428,2,277.94
14294,428,1,375.34
13031,428,5,3419.27
17821,427,1,334.62
17741,427,2,101.1
16635,427,1,473.0
16058,427,1,62.7
15887,427,3,1027.15
15170,427,1,81.15
14746,427,4,593.5
14490,427,2,1273.47
14122,427,3,362.42
13580,427,1,107.75
17413,425,2,560.14
16724,425,1,147.35
16606,425,2,357.66
15879,425,4,1157.3
15501,425,2,402.5
15439,425,4,1269.05
14848,425,1,310.56
14213,425,1,1192.2
13677,425,2,556.19
12608,425,1,415.79
16876,424,1,136.01
14777,424,1,307.56
14429,424,1,516.28
17276,423,1,508.39
17121,423,1,314.74
17003,423,4,830.16
14617,423,2,190.47
14363,423,2,227.47
13921,423,4,730.7
13535,423,1,89.5
13251,423,1,252.68
13215,423,1,81.6
12389,423,3,1433.33
18141,422,2,882.47
16865,422,1,130.95
15915,422,1,429.21
15481,422,1,1993.34
15336,422,1,240.5
15233,422,1,59.4
14942,422,4,746.56
14398,422,2,707.79
13331,422,1,262.4
16888,421,3,437.15
16707,421,4,551.11
16590,421,2,605.9
16391,421,4,1103.61
16060,421,3,541.95
15425,421,4,1944.57
14136,421,5,1570.81
13903,421,1,165.45
13660,421,1,314.59
13648,421,8,1764.02
13597,421,2,396.71
13303,421,1,61.72
13206,421,13,8377.32
13172,421,1,69.6
12958,421,2,539.49
12914,421,1,223.98
17876,420,3,3424.02
15792,420,2,933.84
13836,420,2,620.37
13646,420,2,326.25
13154,420,3,1624.84
18083,418,1,470.73
16787,418,4,1035.43
16640,418,1,179.4
16559,418,1,185.2
15560,418,2,153.52
14203,418,1,339.34
18098,417,1,550.84
17258,417,2,417.3
17000,417,2,406.3
16420,417,1,75.0
15617,417,3,828.55
15441,417,3,1254.21
15390,417,2,1216.66
14927,417,1,308.2
13773,417,2,301.54
13738,417,1,440.93
13691,417,1,212.78
13377,417,2,1552.88
12892,417,1,263.38
17983,416,1,171.71
17807,416,3,437.87
17726,416,7,1092.06
17476,416,2,489.86
17467,416,1,102.6
17363,416,3,940.86
17307,416,11,3999.89
17208,416,1,115.35
16977,416,4,496.0
16740,416,1,236.81
16381,416,2,258.7
16021,416,2,532.25
15635,416,1,100.35
15011,416,2,416.6
14899,416,1,1384.88
14610,416,2,24.35
14275,416,6,1189.38
12907,416,2,508.91
17903,415,1,381.09
16868,415,3,393.39
16662,415,1,163.8
15890,415,5,535.65
15131,415,1,80.28
15001,415,2,230.86
14615,415,5,951.76
14399,415,8,2113.16
14365,415,2,634.68
13945,415,2,854.15
13915,415,1,70.8
13671,415,1,194.95
13252,415,2,399.3
13202,415,7,1580.3
13096,415,1,419.7
12927,415,1,197.31
12666,415,1,1248.42
18057,414,3,1203.56
17815,414,1,591.96
17688,414,1,304.2
17558,414,1,259.17
17308,414,2,4511.76
16827,414,5,392.13
16797,414,5,1827.77
16786,414,1,51.84
15842,414,2,548.8
15138,414,1,502.52
14922,414,2,843.74
13857,414,6,1001.01
12803,414,1,1092.81
18054,413,1,176.5
18007,413,1,220.32
17803,413,1,184.66
17210,413,1,253.37
16199,413,7,942.75
15566,413,2,227.87
13961,413,1,538.4
13293,413,6,1192.94
18063,411,2,186.6
17544,411,3,960.69
17497,411,2,287.25
17300,411,2,393.64
16687,411,1,157.63
16074,411,1,265.25
15726,411,1,321.91
15283,411,3,148.33
14807,411,2,519.29
14599,411,2,474.54
14559,411,1,75.6
13545,411,2,374.64
17992,410,1,254.13
17740,410,6,426.9
17106,410,1,491.23
16314,410,3,1491.4
16087,410,5,1739.92
14526,410,1,262.4
14358,410,2,400.06
14065,410,3,891.02
13582,410,2,241.68
12376,410,2,503.15
17689,409,2,317.08
15968,409,1,418.05
15161,409,1,119.92
14192,409,1,293.74
13795,409,4,836.3
13789,409,1,239.46
13624,409,1,462.08
18256,408,1,110.7
18195,408,1,101.16
17310,408,2,1025.1
17200,408,4,356.71
15515,408,1,171.81
14811,408,1,170.5
14417,408,1,604.2
13964,408,2,438.9
13605,408,2,522.67
13237,408,1,643.0
17868,407,1,234.65
17776,407,2,338.56
17421,407,3,1059.41
17355,407,1,285.11
17089,407,1,128.45
16973,407,1,127.0
16588,407,4,1361.28
16089,407,2,271.44
14614,407,1,295.13
14405,407,1,195.0
13996,407,2,895.76
13970,407,2,846.55
13864,407,1,662.4
13665,407,3,1711.66
17683,406,3,819.01
17532,406,1,65.34
17493,406,1,100.91
17269,406,1,537.46
17241,406,12,2744.14
16599,406,1,172.8
16346,406,1,224.51
16228,406,3,890.81
15846,406,1,107.01
13156,406,3,1586.54
12978,406,5,2502.82
12874,406,2,948.42
12629,406,2,1558.22
12419,406,2,503.01
17335,404,2,508.0
17275,404,1,114.52
17036,404,1,176.9
16946,404,5,1222.04
16501,404,1,1237.23
15519,404,2,344.61
15155,404,1,383.97
13550,404,1,349.51
13275,404,2,241.66
12887,404,1,222.4
12858,404,1,177.92
12807,404,1,330.35
17782,403,2,679.02
17713,403,4,1198.09
16972,403,2,786.25
16373,403,2,309.49
16252,403,1,295.09
15590,403,5,1496.6
15377,403,4,1211.75
15169,403,2,569.22
14994,403,5,960.63
14478,403,4,1276.66
14134,403,15,11123.35
13086,403,1,439.33
18047,402,2,342.69
17872,402,1,235.87
17766,402,2,299.61
17598,402,1,409.98
17570,402,1,100.0
17098,402,3,591.07
16935,402,3,535.1
16821,402,1,113.35
16437,402,2,301.25
16155,402,5,796.9
16001,402,1,583.39
14926,402,2,359.4
14679,402,3,1289.44
14252,402,1,350.99
14202,402,3,847.76
13843,402,1,319.75
13181,402,1,359.69
12889,402,4,385.46
12880,402,2,640.13
12805,402,4,1434.95
18076,401,1,151.49
17998,401,3,639.24
16699,401,7,994.6
16489,401,2,303.7
15902,401,1,145.01
15509,401,1,166.51
15476,401,4,2209.98
15173,401,7,1494.6
14458,401,1,237.42
13554,401,7,1638.28
18025,400,6,1177.72
17996,400,3,482.33
17989,400,1,228.83
17882,400,2,313.46
17342,400,4,1227.54
17167,400,3,867.11
16874,400,1,217.74
16231,400,4,1078.22
15961,400,1,451.29
15936,400,2,282.79
15728,400,2,544.6
15495,400,1,246.5
15084,400,2,965.2
15020,400,1,203.42
14721,400,1,115.77
14627,400,1,462.75
13987,400,2,682.54
13958,400,8,4709.23
13019,400,6,1229.95
12961,400,1,211.99
12385,400,1,1938.4
18031,399,1,462.1
17952,399,4,819.61
17283,399,1,188.46
16262,399,1,755.15
16254,399,3,985.14
16138,399,3,910.35
15914,399,2,205.99
15638,399,6,2265.2
13891,399,3,863.56
18003,397,1,358.61
17804,397,3,385.23
17607,397,1,333.81
17322,397,5,922.59
17150,397,6,1375.65
16421,397,3,526.27
15583,397,1,107.86
15580,397,8,1381.19
15446,397,3,406.95
15037,397,2,402.51
14986,397,2,566.9
14454,397,5,977.3
13542,397,17,4006.17
13254,397,1,51.41
12605,397,4,1232.95
18002,396,4,249.92
17814,396,2,1617.32
17756,396,3,733.7
17547,396,2,727.85
16355,396,1,416.35
16194,396,1,308.6
15989,396,2,372.51
15828,396,1,1108.82
15404,396,1,257.06
14510,396,3,1007.28
14170,396,3,597.33
14119,396,2,183.37
12996,396,1,355.5
12870,396,3,1676.95
12767,396,1,949.82
12351,396,1,300.93
18039,395,4,579.17
17826,395,1,134.59
17820,395,1,183.56
17378,395,1,10.95
17281,395,6,797.85
17170,395,2,178.68
16223,395,2,1102.35
15960,395,4,410.95
14605,395,4,937.16
13693,395,9,2011.82
13444,395,2,631.68
13010,395,2,330.12
18074,394,2,1509.04
18011,394,2,527.03
17968,394,4,888.04
17908,394,5,1411.54
17643,394,2,541.25
16583,394,2,531.4
16274,394,1,715.9
16048,394,4,1075.23
15922,394,1,739.0
15350,394,2,663.25
15165,394,1,975.5
14729,394,3,907.38
14237,394,2,632.14
14142,394,2,983.15
13747,394,2,249.4
13065,394,5,1260.91
12791,394,6,1056.11
17976,393,1,706.38
17925,393,1,488.16
17855,393,1,417.94
17850,393,155,56600.08
17732,393,8,2470.39
16781,393,2,934.25
16754,393,29,67502.47
16752,393,1,415.0
16510,393,6,2100.0
15923,393,1,254.16
15823,393,3,3897.17
15363,393,2,1004.11
15070,393,3,843.25
14576,393,1,70.8
13108,393,2,1098.52
13011,393,1,101.1
12855,393,4,650.94
12738,393,1,310.7
17967,392,2,357.29
16926,392,5,1421.35
14589,392,1,79.5
13370,392,1,1509.74
12725,392,4,2694.56
12686,392,1,178.28
16718,390,5,3647.53
15880,390,1,686.56
14813,390,4,1090.87
18113,389,1,152.64
17860,389,4,1015.54
16858,389,10,4668.28
16658,389,6,814.07
15899,389,1,112.5
18119,388,1,362.24
16125,388,14,4587.65
15180,388,3,904.43
13807,388,3,534.8
13786,388,6,3358.94
18269,387,1,337.2
16893,387,2,401.77
16679,387,3,793.06
15973,387,3,988.44
15347,387,4,1363.6
15332,387,6,6553.74
15221,387,4,2465.45
14821,387,7,1286.45
13270,387,1,1180.0
12441,387,1,347.1
17978,386,4,1461.76
17456,386,2,1225.42
16795,386,3,2492.39
16065,386,8,2382.62
15945,386,4,827.27
14932,386,2,1029.66
14437,386,5,958.84
14355,386,3,1014.45
13369,386,1,616.56
12797,386,2,806.11
17880,385,3,824.92
16727,385,4,1437.42
16565,385,4,773.05
15723,385,4,947.65
14082,385,2,413.36
12785,385,3,1100.4
18004,383,1,169.47
17251,383,3,812.43
16665,383,1,135.4
15503,383,2,267.15
15454,383,2,307.69
14413,383,4,770.37
17524,382,3,539.14
17303,382,1,250.04
15361,382,4,689.07
16812,381,4,2392.0
16499,381,8,2578.34
16202,381,9,2501.99
13948,381,4,548.76
18050,380,2,412.06
17752,380,1,80.64
17551,380,1,306.84
17525,380,3,1161.9
13295,380,4,1101.97
18176,379,1,476.35
17691,379,4,780.05
17496,379,4,1412.89
15789,379,6,1962.01
15224,379,5,871.36
14373,379,1,76.55
13874,379,7,2049.15
12967,379,3,4306.92
15204,378,1,316.58
15160,378,4,589.27
13033,378,2,220.55
12551,378,1,168.0
17343,376,6,1259.94
15460,375,1,216.76
15279,375,5,1580.54
16270,374,1,1141.24
12515,374,1,383.7
12734,373,3,639.65
15562,372,3,673.38
13922,372,3,865.2
13304,372,4,1217.99
16282,360,3,1307.58
15464,359,1,1048.85
15266,359,5,852.21
13187,358,4,367.01
12386,358,2,660.8
15649,357,4,2170.35
15607,357,9,1708.97
14889,357,1,135.9
12829,357,3,385.3
12501,357,1,2169.39
12489,357,1,334.93
18032,355,1,73.5
17128,355,1,157.09
12793,355,3,1017.33
12651,355,4,377.75
17406,354,13,4905.05
16850,354,1,332.41
15326,354,5,1700.52
15100,354,7,2894.7
17569,353,1,344.14
16351,353,13,3330.03
15346,353,3,596.12
13144,353,2,135.35
12736,353,1,234.0
15171,352,1,1289.5
14270,352,1,492.65
14185,352,1,197.65
12652,352,2,1017.03
18085,351,4,1645.75
16315,351,2,402.71
15510,351,1,250.0
15447,351,5,492.88
13284,351,1,201.19
18106,350,6,1461.46
13385,350,1,534.57
12672,350,2,437.05
18212,347,2,546.72
15316,347,1,165.0
14238,347,3,434.23
13859,347,2,515.86
12872,347,12,3685.49
18233,346,1,440.0
15395,346,1,107.45
13898,346,2,686.4
12346,346,12,77556.46
14090,345,1,76.32
12665,345,3,313.6
17862,344,4,1279.09
15422,344,7,1619.97
15262,344,3,418.82
13008,344,3,612.13
12402,344,6,1256.9
17890,343,2,602.09
17094,343,2,402.2
16387,343,5,918.55
15174,343,2,481.46
17714,341,5,1410.18
15167,341,5,1659.67
14068,341,4,1528.37
15820,340,1,206.98
15052,340,1,215.78
14782,340,1,200.1
14439,340,5,9443.04
14368,340,1,155.0
14130,340,4,1882.67
13551,340,2,244.2
16757,339,2,270.48
16222,339,2,1345.22
15222,339,11,3550.91
15213,339,2,328.35
14248,339,3,1032.95
13703,339,2,425.56
13615,339,8,6272.53
13002,339,3,414.13
17118,338,1,157.02
16124,338,4,1772.49
15661,338,8,1215.95
12591,338,3,1352.15
13506,337,5,1639.2
13328,337,1,1308.48
12764,337,1,1693.88
12735,336,2,779.57
12574,336,1,218.45
12377,336,4,3426.32
17431,334,1,403.3
17062,334,6,1208.22
15415,334,1,572.81
13161,334,2,478.88
18095,333,5,2303.09
17619,333,1,218.52
17239,333,4,1189.45
16403,333,1,177.5
15881,333,5,501.39
15448,333,2,788.81
13600,333,2,518.42
17356,332,5,946.47
15940,332,1,35.8
15107,332,9,940.35
14850,332,7,1794.01
14549,332,4,916.55
14496,332,7,2668.23
13494,332,1,316.26
12929,332,1,117.85
12373,332,3,1127.65
18250,331,1,349.27
17912,331,6,375.5
17223,331,3,873.53
15226,331,1,154.41
14457,331,1,113.64
14411,331,1,1063.0
12559,331,2,561.71
12350,331,1,334.4
16030,330,1,331.24
14497,330,2,697.06
13800,330,3,1679.56
13581,330,2,280.53
17517,329,1,153.94
17291,329,1,550.8
17226,329,3,900.12
15090,329,1,381.32
13963,329,17,3011.87
12410,329,3,1013.71
17392,327,3,626.56
15808,327,21,18409.93
14438,327,1,131.9
13584,327,3,392.45
12956,327,4,521.89
14600,326,2,865.17
14048,326,3,748.69
13809,326,3,679.7
17881,325,1,133.35
17859,325,1,148.21
15753,325,1,79.2
17843,324,2,326.23
17358,324,5,866.05
15970,324,2,1017.32
15843,324,1,118.95
12401,324,1,84.3
17334,323,3,635.15
16725,323,14,1882.11
16425,323,1,302.7
16405,323,2,167.25
14431,323,4,2614.2
14081,323,10,5370.1
13706,323,2,631.17
12561,323,1,238.85
18159,322,1,530.15
13819,322,6,2642.35
13672,322,3,419.92
16897,320,2,289.78
16084,320,1,436.18
17829,319,5,4756.74
15236,319,1,321.05
16738,318,1,3.75
16073,318,1,122.4
14935,318,2,2849.83
14760,318,1,89.2
14176,318,5,916.01
13893,318,1,821.1
16509,317,1,363.7
16494,317,1,826.53
16148,317,2,386.62
15670,317,2,325.2
14386,317,1,142.4
18138,316,1,152.65
14371,316,1,100.5
13151,316,3,2580.74
16765,315,2,454.75
13932,315,1,307.4
12852,315,1,311.55
12988,313,1,535.32
13044,312,11,4853.9
12707,312,1,603.42
12365,312,2,641.38
18114,311,1,220.1
16913,311,3,423.91
16546,311,5,5606.47
16349,311,1,53.5
15303,311,3,1224.18
18068,310,1,101.7
17499,310,2,1341.39
17171,310,2,384.59
15397,310,1,94.0
18056,309,2,554.6
17117,309,1,116.2
16997,309,3,702.0
16072,309,4,4328.89
15543,309,2,242.84
13751,309,1,296.25
13501,309,3,2885.11
12945,309,2,900.11
12565,309,1,145.92
13973,308,1,264.7
13753,308,4,2094.57
13345,308,1,389.5
12361,308,4,511.25
16598,306,1,145.05
13684,306,4,596.98
17165,305,6,1794.32
16339,305,1,109.95
14046,305,1,154.99
14036,305,1,626.65
12509,305,1,176.5
16078,304,2,362.99
15709,304,2,327.85
15456,304,10,2119.27
15319,304,1,204.5
15257,304,2,685.9
13166,304,2,884.18
12866,304,3,1227.35
17923,303,3,497.0
16792,303,5,623.46
15733,303,1,162.3
13497,303,6,1320.33
12873,303,3,2027.3
12834,303,1,312.38
17995,302,3,495.48
17789,302,2,397.15
16159,302,4,1232.79
15087,302,1,306.94
14483,302,2,257.1
13715,302,17,8483.29
12817,302,3,690.98
17535,301,1,164.4
17508,301,8,4579.23
17325,301,3,609.57
14779,301,3,386.15
14670,301,3,602.0
14570,301,3,613.75
13382,301,5,1387.58
12755,301,11,9030.66
14247,299,5,772.66
18280,298,2,488.15
17654,298,1,117.55
16517,298,1,162.7
15869,298,3,323.66
15554,298,1,217.2
14012,298,1,328.8
12614,298,1,315.6
17639,297,6,615.17
16917,297,2,1857.83
15944,297,4,2164.24
15234,297,1,197.0
14586,297,1,237.36
12623,297,7,3747.84
17138,296,7,4417.27
15057,296,5,3255.96
14165,296,1,122.54
13493,296,2,618.63
13093,296,55,54943.65
12881,296,1,298.0
18086,295,1,101.34
16625,295,5,1654.03
16471,295,4,1189.98
15308,295,1,310.47
14727,295,3,467.93
14603,295,1,660.0
14350,295,3,972.03
17194,294,3,812.5
16766,294,2,1145.6
15049,294,1,121.17
14114,294,7,1364.09
13226,294,2,312.46
13133,294,3,200.45
13043,294,1,516.42
13708,292,1,296.88
15388,291,1,140.54
14962,291,4,366.91
17542,290,3,341.7
16392,290,3,763.05
16037,290,5,1509.34
15047,290,1,343.62
13716,290,1,138.28
13121,290,1,283.73
16297,289,1,301.9
16152,289,1,1829.04
13358,289,1,439.03
13299,289,3,1218.7
13261,289,2,944.1
16976,288,1,251.52
16377,288,2,1308.48
16216,288,1,914.93
14840,288,2,362.71
13707,288,5,3365.86
13216,288,1,333.74
13185,288,1,71.4
12845,288,4,354.09
12514,288,2,1597.76
17060,287,1,234.24
16716,287,3,2149.68
16256,287,3,1629.37
15695,287,4,1131.04
15019,287,1,266.0
14633,287,1,344.9
14155,287,1,118.75
14066,287,1,152.55
14059,287,1,183.6
14041,287,1,141.41
13072,287,1,177.15
17230,285,18,9924.95
16402,285,2,511.4
16096,285,4,1584.97
15703,285,1,211.5
15445,285,2,284.5
15408,285,1,267.18
14693,285,7,1165.36
12902,285,1,138.68
18224,284,1,158.95
17763,284,4,86.15
17678,284,2,599.76
16619,284,4,1938.33
16427,284,2,241.06
14762,284,2,417.57
13934,284,1,922.1
13262,284,3,573.45
16721,283,1,292.47
16135,283,2,819.45
15457,283,1,237.07
15437,283,2,393.45
14632,283,1,114.56
12831,283,3,451.11
18191,282,2,529.4
17507,282,2,605.58
17486,282,1,396.87
17102,282,1,25.5
16250,282,3,791.38
14870,282,6,1838.95
13239,282,5,1594.69
13132,282,1,77.3
12818,282,1,1542.08
12564,282,1,456.9
17698,281,1,154.95
16769,281,4,1141.75
16063,281,1,335.32
16022,281,1,628.28
15178,281,1,40.5
14348,281,1,409.57
14256,281,5,2473.99
13512,281,4,713.39
13341,281,1,775.85
12811,281,5,1033.9
14536,280,1,171.8
13452,280,3,729.8
18071,278,6,1428.63
14476,278,1,215.7
13357,278,5,3838.36
18010,277,1,174.8
16692,277,4,1914.7
15083,277,1,88.2
15032,277,8,13780.65
13649,277,6,1678.88
13368,277,4,1121.5
12792,277,2,827.01
16980,276,3,1473.33
15589,276,3,478.53
13803,276,3,1338.91
13439,276,3,986.61
18108,275,3,848.81
17775,275,1,56.4
15832,275,1,836.79
15528,275,1,229.33
15424,275,3,597.78
15353,275,7,3175.95
17438,274,5,1422.77
17212,274,3,794.41
15894,274,2,420.29
14957,274,2,333.29
14890,274,3,817.25
14479,274,4,1299.11
13060,274,1,307.53
17701,273,1,417.95
17580,273,5,545.27
16162,273,1,37.4
15691,273,4,571.3
14886,273,1,364.8
13841,273,1,85.0
13626,273,2,707.04
13462,273,5,1153.85
13781,271,3,778.83
18185,270,1,304.25
17956,270,1,12.75
16142,270,1,535.34
14747,270,1,328.2
13059,270,10,2303.17
17492,269,3,1122.42
16586,269,3,1462.78
16105,269,5,2386.19
15442,269,1,594.0
17906,268,1,72.9
17140,268,1,465.32
16378,268,3,362.95
15917,268,5,560.63
14964,268,1,206.21
14220,268,4,1515.0
13863,268,4,1239.55
16144,267,1,175.2
14981,267,2,372.92
14465,267,11,3946.03
13718,267,2,306.55
13712,267,2,766.42
12580,267,2,1052.9
17035,266,4,613.59
16643,266,2,923.11
16623,266,4,1015.24
16010,266,11,1724.06
15775,266,2,150.5
15119,266,1,266.4
15109,266,3,983.1
14924,266,3,931.01
14619,266,2,1291.24
18129,264,1,112.55
15655,264,1,560.67
13570,264,1,239.49
13508,264,2,287.05
12447,264,1,476.49
17574,263,1,185.65
16552,263,2,475.02
14616,263,5,527.78
14339,263,2,620.27
14326,263,3,940.98
14311,263,2,516.45
12982,263,8,2744.81
17972,262,1,136.04
17278,262,2,271.24
16697,262,1,112.75
15777,262,7,1762.61
15212,262,2,208.28
14669,262,7,3243.93
13484,262,3,790.72
17746,261,4,904.18
16097,261,1,185.05
15147,261,1,623.5
13740,261,5,1597.77
13221,261,2,847.41
17601,260,2,421.48
17362,260,7,1024.04
17142,260,4,1283.75
16957,260,2,416.64
15935,260,2,416.86
15230,260,2,429.6
15139,260,2,178.96
15135,260,2,305.68
14206,260,3,1185.01
14154,260,8,6460.7
14105,260,5,5988.83
17367,259,1,168.4
15246,259,3,780.4
13120,259,1,30.6
12769,259,1,1143.6
12639,259,3,1312.37
12582,259,4,1980.4
18213,257,1,232.48
17990,257,6,1527.61
17697,257,1,338.95
17582,257,5,1450.7
16193,257,2,630.43
14532,257,11,3859.18
13474,257,3,663.79
12878,257,2,854.99
18009,256,8,2155.83
16947,256,5,955.21
16617,256,1,151.85
16217,256,2,304.25
15749,256,3,44534.3
12754,256,3,3010.74
17217,255,2,218.0
15717,255,5,607.0
15225,255,1,409.4
14672,255,4,1113.14
14242,255,2,280.55
13101,255,4,695.4
12733,255,4,2424.87
12585,255,2,2040.1
17946,254,2,149.58
17548,254,4,731.26
17120,254,1,307.46
15517,254,1,267.03
14148,254,2,466.29
13485,254,11,3019.22
17718,253,2,439.18
16587,253,1,225.15
16163,253,6,2849.58
14770,253,8,3637.64
13482,253,2,336.09
12622,253,1,180.1
12506,253,1,73.5
12354,253,1,1079.4
18183,248,2,632.07
17670,248,1,205.7
17277,248,2,1065.35
16834,248,2,898.96
16823,248,7,2260.09
12573,248,5,717.41
18220,247,6,1921.76
17187,247,2,467.71
16965,247,1,201.19
16698,247,2,1998.0
15891,247,1,524.52
17991,246,3,320.55
17893,246,1,112.25
16227,246,3,1027.22
15223,246,5,1417.95
15210,246,3,1176.19
15143,246,2,563.63
14271,246,2,219.13
14022,246,2,792.15
13229,246,1,160.95
16634,243,6,1814.61
14304,243,3,1725.01
17501,241,2,288.6
16055,241,1,134.8
14149,241,1,446.62
17646,240,12,4149.79
17443,240,1,534.24
17394,240,1,203.87
16610,240,1,75.66
14245,240,2,1693.45
13731,240,2,610.59
18239,239,6,2150.36
17849,239,8,1063.76
17578,239,7,1047.33
17374,239,3,727.11
16990,239,2,344.0
16714,239,4,1529.8
16457,239,1,208.36
16109,239,3,939.48
15759,239,7,830.93
14697,239,2,188.61
14423,239,3,916.61
14393,239,1,67.95
14340,239,1,134.7
14199,239,4,1091.7
13762,239,5,2472.48
13711,239,9,1792.26
18227,238,2,388.75
18078,238,4,844.6
17604,238,6,945.93
17174,238,1,59.9
16319,238,1,404.4
15668,238,1,76.32
15552,238,2,252.52
15235,238,16,2937.81
13952,238,14,12823.52
13723,238,6,1209.2
12414,238,6,952.41
15092,236,3,776.46
14353,236,3,376.5
14161,236,7,3318.88
13642,236,4,514.72
13561,236,11,1820.72
18120,235,1,111.15
16756,235,7,1312.37
14699,235,4,702.6
12888,235,2,354.12
12821,235,2,220.8
12355,235,2,947.61
17597,234,5,3484.09
16431,234,3,642.81
16306,234,7,1192.82
15433,234,2,533.3
15381,234,5,1890.57
15063,234,1,370.8
14288,234,1,426.6
13990,234,1,311.3
18133,233,1,931.5
17889,233,7,774.87
15732,233,10,1682.07
15729,233,3,192.55
15079,233,11,3767.35
14920,233,3,1607.17
13235,233,1,1031.07
13052,233,7,3168.53
18218,232,4,1142.0
17970,232,1,582.59
16943,232,5,1299.49
16244,232,2,2579.38
16116,232,1,612.78
16006,232,2,347.17
14988,232,7,2066.6
14000,232,5,2046.34
13837,232,2,271.24
12976,232,8,3156.38
12625,232,4,5164.88
12590,232,2,9864.26
14873,231,2,854.13
12857,231,6,3688.0
12770,231,2,3246.45
17263,229,1,63.44
15333,229,1,1028.56
14689,229,1,112.8
15813,228,2,1303.91
14888,228,1,369.2
14489,228,4,1574.93
17504,227,18,9565.12
14320,227,5,1346.75
13976,227,4,1192.36
17556,226,2,300.67
14620,226,2,412.78
13659,226,12,4894.88
13572,226,1,1384.25
13531,226,6,1738.52
12690,226,1,389.01
17871,225,5,1118.99
17245,225,2,371.63
15648,225,2,657.35
14896,225,8,2092.42
14442,225,7,5367.02
13887,225,1,349.55
12897,225,4,514.25
12353,225,2,406.76
18048,224,3,401.73
17455,224,1,131.7
16226,224,5,672.17
13391,224,1,59.8
13243,224,5,1278.04
17176,222,3,902.32
15724,222,3,310.85
15705,222,1,143.1
15292,222,1,180.94
14647,222,2,519.97
14195,222,6,2615.6
13227,222,1,257.7
17715,221,2,489.6
14817,221,7,3959.86
13737,221,1,339.6
13479,221,4,851.37
13339,221,1,860.12
13223,221,6,969.12
18202,220,3,1396.99
17375,220,4,660.55
15314,220,3,820.45
15042,220,2,315.45
17955,219,6,949.9
17770,219,5,1143.27
16763,219,2,964.7
16448,219,2,367.87
15882,219,8,1495.98
14985,219,2,296.75
14705,219,1,179.0
14009,219,3,1099.91
17550,218,9,2547.64
16838,218,4,1159.61
16449,218,2,707.69
16356,218,6,415.87
14816,218,1,271.85
14740,218,11,4161.06
12974,218,2,408.95
12547,218,3,383.58
16323,217,2,353.66
16275,217,3,2151.11
16034,217,6,928.72
15104,217,2,1027.44
14828,217,13,9839.46
14625,217,11,4497.88
14280,217,1,134.04
13135,217,2,3371.45
12999,217,3,455.88
17152,215,4,2016.5
17051,215,4,714.39
16889,215,6,2530.9
16567,215,2,865.6
15925,215,1,207.15
15897,215,2,222.05
12426,215,2,1345.21
18231,213,28,6880.97
18190,213,5,745.62
17454,213,10,1547.94
16810,213,2,842.04
16483,213,1,139.35
13398,213,2,670.34
13070,213,4,751.7
12790,213,2,591.85
17472,212,4,935.1
16424,212,2,443.06
15643,212,3,664.0
14377,212,2,617.05
13475,212,4,1431.78
13062,212,1,346.98
17900,211,2,112.2
17531,211,3,1266.82
16529,211,4,2012.0
15918,211,3,582.88
15658,211,8,2423.47
14453,211,1,119.93
16967,210,1,319.02
16659,210,1,39.12
16230,210,2,542.03
16117,210,3,654.4
15508,210,6,1000.27
15405,210,2,659.84
13885,210,2,506.8
13294,210,3,1689.53
12601,210,6,681.26
17708,208,4,887.93
16963,208,1,110.55
16883,208,19,2396.59
14682,208,6,1514.81
14512,208,7,1223.47
13682,208,1,59.5
12468,208,5,3670.74
16849,207,1,124.57
16611,207,6,1785.13
16520,207,6,2482.62
15852,207,3,257.26
15386,207,1,394.14
12802,207,7,2416.42
18072,206,1,247.44
17987,206,5,1003.64
17874,206,6,683.46
17854,206,6,1071.45
17707,206,8,609.3
17124,206,1,298.89
17026,206,3,208.98
14867,206,16,2952.06
14542,206,1,103.25
14375,206,3,1132.99
13395,206,3,1180.23
12891,206,11,840.5
12868,206,8,2247.06
17409,205,10,7793.51
16955,205,6,1309.41
16832,205,5,417.61
15609,205,1,298.48
14622,205,1,320.58
13466,205,5,1013.35
12383,205,5,1850.56
16113,204,1,161.38
15780,204,3,475.28
14501,204,2,251.21
14241,204,2,333.7
14231,204,4,1235.62
13900,204,6,1610.59
13811,204,3,814.5
17234,203,1,149.89
16614,203,3,1179.79
16581,203,1,105.84
15098,203,3,39916.5
13686,203,3,409.04
13533,203,3,270.79
18281,201,2,201.14
14823,201,3,321.43
14450,201,7,1128.44
17795,200,2,350.39
17349,200,5,852.25
15069,200,1,1109.53
14573,200,13,2621.42
13936,200,3,939.66
13663,200,5,2047.51
13080,200,4,280.73
12732,200,1,236.26
17749,199,3,1026.18
17179,199,6,1507.26
15912,199,9,1074.7
13476,199,5,2061.47
18165,198,1,302.46
17536,198,3,364.83
16644,198,2,833.78
16461,198,3,1615.22
15574,198,6,1518.7
14222,198,1,683.17
13343,198,1,353.43
12809,198,3,1755.94
18168,197,16,3770.27
17446,197,2,120.9
16739,197,2,786.43
16276,197,3,2629.39
16257,197,1,46.95
15585,197,1,455.3
15219,197,2,685.45
14037,197,6,836.95
13951,197,3,674.45
13826,197,1,189.5
12908,197,5,1776.0
17204,196,9,5504.69
14491,196,2,468.13
18062,194,6,1632.67
17879,194,1,178.52
17616,194,4,1060.8
16805,194,5,1097.24
16484,194,2,404.3
16050,194,3,300.7
15909,194,1,191.94
15535,194,6,1087.82
14162,194,2,289.36
13618,194,1,177.34
13568,194,1,192.85
13005,194,4,999.68
12837,194,2,688.41
18260,193,23,9962.11
17897,193,9,2585.0
16320,193,6,5628.99
15921,193,4,802.11
15825,193,1,532.94
15700,193,2,696.68
15389,193,5,2733.8
15280,193,3,406.22
15076,193,3,1447.74
15016,193,5,630.3
17960,192,3,135.08
16526,192,2,717.21
15507,192,1,492.36
15412,192,1,190.53
17877,191,1,237.61
16247,191,1,114.56
16214,191,4,2038.25
16114,191,1,135.75
15041,191,2,294.02
14998,191,4,770.73
14643,191,5,1679.89
17709,190,5,671.01
17630,190,2,503.6
16647,190,4,541.9
16287,190,5,1006.98
15384,190,4,2027.79
15379,190,8,4877.84
15130,190,1,330.11
14656,190,5,814.65
14584,190,8,1747.91
13937,190,2,880.13
13929,190,11,3494.1
13300,190,3,1285.51
17704,189,2,885.19
15665,189,5,4015.12
15258,189,2,623.16
13856,189,11,1142.03
17969,187,20,2369.94
15644,187,4,813.0
14795,187,1,131.45
12548,187,1,95.2
18193,186,3,1207.35
17980,186,4,1033.42
17110,186,3,510.7
15976,186,6,1746.64
13453,186,3,781.69
12493,186,2,433.74
16545,185,2,689.82
16473,185,4,470.83
15146,185,2,1327.16
14481,185,5,2311.49
14351,185,1,51.0
13656,185,4,1078.85
17408,184,3,316.09
17391,184,2,508.8
16801,184,4,1619.73
16553,184,33,16644.01
15537,184,1,110.92
14327,184,6,1894.93
17891,183,1,203.86
15578,183,1,127.1
14803,183,3,845.55
14267,183,3,1516.24
13745,183,2,777.36
12424,183,4,3340.03
17505,182,5,2435.48
17123,182,3,977.17
16498,182,2,100.97
15483,182,10,862.2
14338,182,3,928.1
14016,182,11,11403.41
12922,182,1,405.38
17939,180,1,99.14
17899,180,1,155.8
17781,180,2,188.02
17105,180,2,665.78
15007,180,1,156.91
13833,180,2,701.36
17765,179,4,530.8
17464,179,3,1000.94
16344,179,4,842.42
15349,179,2,473.81
18203,178,4,504.42
18142,178,2,1019.52
17046,178,5,1906.07
16338,178,1,214.8
16146,178,4,946.38
15646,178,5,974.61
14905,178,8,1971.39
14352,178,4,1078.96
13338,178,4,2445.62
13085,178,8,2433.28
12980,178,21,16245.78
17440,177,4,323.58
17341,177,5,1889.83
16919,177,24,5125.91
16829,177,2,513.32
15889,177,8,1806.28
15334,177,3,351.67
14645,177,3,876.89
13253,177,4,2951.11
12977,177,4,517.63
12450,177,5,688.2
18013,176,2,187.29
15512,176,4,331.58
14459,176,2,5375.74
14021,176,7,1716.58
13699,176,2,764.15
13583,176,2,1445.03
13302,176,2,159.2
13291,176,11,3320.84
18037,175,15,167.42
16398,175,2,1705.8
16091,175,2,315.06
15920,175,9,571.64
15182,175,11,2998.95
14264,175,6,1517.36
14104,175,5,771.58
13955,175,3,545.17
12648,175,4,1112.0
18024,173,2,389.78
17787,173,4,2601.47
17126,173,9,2070.44
17337,172,4,2027.87
15577,172,5,397.98
15265,172,4,3345.64
15045,172,2,735.66
14552,172,3,511.28
13754,172,3,447.05
13678,172,1,232.6
13675,172,2,486.82
12717,172,3,1308.91
14548,171,9,2627.49
12669,171,3,2744.03
18121,170,2,673.1
16998,170,5,402.0
16450,170,3,1505.73
15895,170,1,179.17
15795,170,8,1979.87
14400,170,3,1732.47
13667,170,1,305.02
13420,170,2,159.85
17259,169,6,1889.34
15402,169,6,1830.54
15256,169,2,170.4
14891,169,4,1106.73
14847,169,3,1348.95
14461,169,13,6713.5
12915,169,4,1174.75
12653,169,3,4160.83
12405,169,1,1710.39
17948,168,1,358.56
17444,168,3,2940.04
15004,168,1,1246.32
14958,168,6,957.94
14722,168,3,513.37
12815,168,2,1063.46
17984,166,5,1191.27
16054,166,4,2111.88
15716,166,11,3056.81
13967,166,2,166.3
12833,166,1,417.38
16859,165,7,1932.41
14758,165,7,2864.97
13821,165,6,1410.73
13564,165,37,17249.55
16112,164,4,195.74
15713,164,4,1010.79
14117,164,1,90.0
12947,164,6,1908.03
12875,164,5,1356.99
12840,164,7,4041.97
17962,163,4,687.42
17866,163,3,1134.95
16807,163,6,2123.88
15802,163,1,451.42
12521,163,1,599.68
12510,163,9,5178.02
17694,162,3,1695.97
17660,162,2,359.47
16654,162,8,1711.47
15623,162,8,2437.05
15108,162,4,1300.25
14259,162,1,120.0
18262,161,3,577.54
18146,161,2,160.35
16866,161,3,207.74
15704,161,6,3817.96
17935,159,7,686.14
17649,159,3,1578.89
17312,159,3,644.3
17265,159,2,562.9
16948,159,7,868.77
16305,159,1,361.22
16178,159,2,612.6
13802,159,19,26259.11
13116,159,1,501.14
13037,159,12,3914.95
12916,159,7,4654.02
12864,159,2,299.57
12763,159,2,814.16
17693,158,1,200.47
17040,158,2,463.25
15372,158,8,6017.06
14692,158,12,1745.09
14100,158,1,194.9
13296,158,6,792.51
15855,157,6,1052.72
13492,157,3,1269.84
16696,156,4,657.9
16447,156,3,775.14
15261,156,4,1508.0
13730,156,2,752.6
13194,156,2,472.78
18268,155,6,1490.23
18151,155,6,1879.44
17931,155,14,3437.29
16951,155,3,1277.75
15746,155,1,196.88
15639,155,3,1065.08
15245,155,8,4610.84
15118,155,1,244.8
14002,155,2,529.73
12853,155,11,3907.5
12743,155,2,546.43
12507,155,4,1844.06
12453,155,1,707.09
18064,154,11,4495.03
17926,154,5,1035.49
16147,154,5,2398.91
15942,154,1,337.44
15776,154,1,241.62
15149,154,5,1554.61
15120,154,1,358.82
14143,154,1,115.8
13414,154,6,2494.14
13106,154,2,603.46
17695,152,5,1746.04
15438,152,1,156.58
14885,152,3,1598.12
13722,152,10,5635.41
13388,152,3,1185.65
12942,152,3,942.65
17941,151,4,1433.28
17615,151,6,733.2
17282,151,5,2339.66
17053,151,1,498.48
14403,151,6,1880.51
12534,151,1,1089.18
17887,150,1,111.35
17553,150,4,3757.6
17353,150,4,3242.0
15342,150,1,406.09
14133,150,4,911.14
14076,150,1,122.47
13850,150,1,1595.48
13075,150,1,919.61
12644,150,4,1918.49
12378,150,2,5416.32
18178,149,11,6103.74
17514,149,2,542.83
17429,149,5,1357.46
16835,149,6,1538.41
16324,149,3,428.68
15374,149,2,307.32
14972,149,2,145.07
12917,149,6,4359.2
12750,149,1,275.88
12643,149,12,8350.42
18099,148,1,168.31
17723,148,7,3378.4
17692,148,12,2975.8
17267,148,2,317.62
16572,148,3,1009.6
15254,148,3,1088.35
15133,148,5,1806.9
14778,148,2,730.86
14344,148,20,3333.7
13791,148,2,1516.0
13402,148,4,1535.13
13218,148,1,62.64
12693,148,7,1703.02
17457,147,14,5984.81
17400,147,8,4677.05
16302,147,1,233.22
16174,147,7,2246.75
13513,147,3,824.59
13082,147,21,7335.75
14331,145,2,462.66
14079,145,2,618.73
14053,145,4,572.3
13752,145,7,1590.73
13248,145,2,465.68
17331,144,1,175.2
17085,144,28,7891.41
16788,144,5,1950.3
15985,144,7,2715.28
13869,144,10,8111.57
18248,143,2,804.02
15247,143,3,976.06
14127,143,6,1900.08
13355,143,1,674.7
13280,143,7,2322.63
13217,143,4,666.48
13162,143,16,9275.49
17994,142,11,2313.32
16292,142,5,1253.76
14024,142,3,645.74
17248,141,2,546.16
15581,141,38,7794.59
14346,141,5,2315.75
13645,141,1,252.1
13307,141,3,273.34
17642,140,5,1824.49
17122,140,4,570.5
16317,140,5,2192.51
16045,140,8,3434.93
15689,140,3,521.03
15192,140,5,1981.39
14855,140,7,6520.3
14406,140,1,156.75
13888,140,7,2169.05
13873,140,8,1038.92
12399,140,7,1962.3
17048,138,7,2071.68
15683,138,2,524.54
14301,138,4,1992.18
18143,137,2,1000.16
17958,137,2,973.88
17252,137,2,353.86
16961,137,3,794.56
16902,137,1,1706.88
16272,137,1,411.7
15624,137,4,588.13
15480,137,5,6279.0
13799,137,9,2803.57
13720,137,4,799.9
13621,137,1,213.85
12758,137,7,9903.24
16927,136,3,543.05
15768,136,34,15601.09
15002,136,9,4817.28
14918,136,9,5955.81
14006,136,7,2196.67
12641,136,1,185.9
18073,135,12,3877.52
17398,135,3,653.38
17070,135,2,445.32
16755,135,7,2900.58
16092,135,6,1587.94
15734,135,4,2263.3
15541,135,1,85.13
15122,135,11,4497.47
14323,135,2,605.06
13655,135,6,2280.51
17742,134,11,2098.48
17045,134,5,827.68
16582,134,1,313.62
15797,134,6,2821.08
15472,134,1,371.56
15232,134,2,612.06
13273,134,1,138.98
13027,134,19,17335.2
12729,134,1,453.01
12688,134,1,4873.81
17747,133,1,71.4
16419,133,8,1487.42
15938,133,9,734.81
15396,133,2,796.38
14772,133,1,139.26
14745,133,12,2571.81
13242,133,7,699.4
12968,133,1,135.95
12513,133,1,612.29
12418,133,4,2021.2
17029,131,7,2137.3
16536,131,1,548.97
15313,131,1,52.0
14566,131,4,4092.0
14460,131,9,1093.5
14246,131,3,1474.06
14224,131,9,1897.9
14013,131,5,1084.57
17585,130,7,2093.3
17083,130,9,4049.79
16952,130,5,798.78
14265,130,4,1373.35
14045,130,16,11313.03
13933,130,2,608.79
12363,130,2,552.0
18018,129,4,297.99
17242,129,5,2889.28
16550,129,18,9435.13
14930,129,6,5246.63
14523,129,1,241.09
14364,129,8,3717.35
13593,129,14,5523.69
13425,129,5,3403.63
13140,129,5,1215.68
12593,129,3,418.1
17869,128,7,1036.16
17268,128,11,1733.89
17256,128,5,498.93
16340,128,3,1526.06
15812,128,12,5201.47
15800,128,7,1242.58
14973,128,3,1314.45
14875,128,3,2862.4
14407,128,6,2157.73
13411,128,1,213.55
12649,128,8,2294.65
18200,127,1,163.8
17844,127,1,51.56
17189,127,5,957.63
17134,127,3,637.1
16503,127,11,3614.34
16429,127,1,284.55
16309,127,2,706.57
16093,127,1,17.0
15663,127,1,138.14
15263,127,1,156.51
14687,127,3,1402.06
14314,127,2,229.8
14196,127,1,335.52
14055,127,3,1520.96
13000,127,4,1032.5
12715,127,1,353.86
12624,127,2,641.13
17146,126,13,5860.24
16641,126,2,554.5
15641,126,12,5345.55
15074,126,3,1566.33
14210,126,16,5861.52
13489,126,4,449.52
13003,126,3,149.05
16816,124,4,417.06
16806,124,4,801.49
15625,124,9,3236.4
15569,124,10,3586.35
15325,124,8,1602.01
15095,124,10,3141.64
14472,124,9,2228.22
13778,124,4,1124.49
13301,124,4,618.09
17298,122,5,957.56
15866,122,1,230.53
14078,122,9,1692.63
12814,122,1,125.92
17588,121,7,2939.55
17320,121,6,2895.77
16842,121,3,1264.19
16780,121,3,605.55
16278,121,3,1117.84
16180,121,13,16249.87
16083,121,4,2351.42
15596,121,9,3130.04
15260,121,25,9188.23
14513,121,6,788.01
16808,120,2,288.42
16456,120,13,6862.91
15829,120,2,636.14
14420,120,4,1639.17
13631,120,11,3070.42
13470,120,2,165.0
13376,120,3,1019.76
13099,120,1,207.36
13045,120,3,808.92
12436,120,1,509.01
18087,119,17,14761.52
18027,119,1,115.31
14463,119,4,786.57
14436,119,2,271.7
14276,119,7,2102.68
14171,119,2,498.79
17774,117,9,3328.05
17722,117,5,4430.36
17229,117,2,318.76
17050,117,11,4691.79
16761,117,1,316.62
14965,117,2,599.0
13548,117,3,908.99
13240,117,8,1738.52
12851,117,2,284.13
12710,117,3,1149.02
18196,116,4,1464.31
17309,116,3,330.59
16820,116,1,497.61
16551,116,7,2237.12
16172,116,8,1884.55
15491,116,6,3100.09
15364,116,2,913.19
15307,116,1,205.3
14565,116,5,3859.22
13931,116,11,5257.38
13851,116,8,4606.46
13748,116,9,2268.35
13744,116,2,1156.36
13192,116,6,2558.58
12816,116,2,572.2
12616,116,3,1131.1
12502,116,5,3723.87
12422,116,17,5231.8
17560,115,8,1895.8
17460,115,16,2228.27
17339,115,3,362.36
16400,115,9,3159.44
16175,115,7,1836.44
15462,115,4,737.05
14208,115,2,567.05
13158,115,5,1508.18
13130,115,1,64.0
13122,115,2,922.39
12461,115,2,826.88
18093,114,8,4452.71
16828,114,2,128.5
15071,114,4,1455.56
13210,114,1,353.48
18222,113,1,443.0
16031,113,2,548.94
15885,113,15,1951.82
15653,113,2,877.44
15488,113,5,431.92
15400,113,8,1302.3
15198,113,5,571.35
14410,113,11,2651.14
14223,113,3,991.13
13925,113,4,678.25
13889,113,6,1991.23
13848,113,8,3335.0
13814,113,3,2257.32
13330,113,6,2806.18
13249,113,9,1608.93
13244,113,1,121.74
12592,113,5,2582.66
16723,112,4,1301.63
16027,112,15,2048.36
15652,112,5,1420.34
14915,112,11,1811.25
14628,112,5,1998.0
14414,112,8,2399.33
13441,112,2,720.9
12535,112,2,716.35
18255,110,2,303.15
18215,110,5,2247.49
16796,110,1,305.62
16384,110,4,1358.95
15939,110,16,9060.39
15636,110,4,1444.58
15035,110,1,252.73
14837,110,9,3460.32
14212,110,2,2190.14
13611,110,10,3319.53
13372,110,1,378.64
13124,110,4,4782.45
12965,110,1,771.91
12635,110,4,2930.41
17919,109,2,1840.32
17433,109,2,569.96
16984,109,9,10754.8
16475,109,4,544.3
16211,109,3,1090.59
16209,109,9,4146.78
16141,109,2,955.94
15996,109,7,1686.9
15980,109,7,6593.68
15764,109,8,4503.08
15673,109,9,6414.79
14500,109,3,356.85
14307,109,10,5071.03
13375,109,2,1792.23
12924,109,12,2469.4
12884,109,1,309.05
18251,108,9,26278.86
17037,108,1,1267.32
16959,108,1,117.35
16451,108,3,1013.15
16229,108,6,2867.86
16098,108,14,4448.1
16036,108,4,2556.84
15343,108,1,364.5
15216,108,2,486.09
15201,108,7,1842.95
14753,108,2,869.51
14163,108,5,2594.62
18173,107,5,2696.36
17640,107,6,3168.94
17347,107,1,228.96
17033,107,4,1332.79
16745,107,17,7194.3
14660,107,2,285.74
14177,107,13,2229.34
13877,107,3,449.68
12756,107,1,112.08
12566,107,1,351.65
17898,106,4,299.18
17846,106,1,2033.1
17786,106,2,278.74
17594,106,4,2497.88
17333,106,1,494.25
17047,106,6,2289.23
17002,106,7,2571.55
15466,106,4,1571.01
15417,106,1,508.8
15322,106,2,1390.86
15205,106,2,653.24
14894,106,3,1492.81
14557,106,1,788.38
13662,106,11,2250.11
13539,106,7,1569.36
13518,106,1,659.44
13134,106,6,2475.23
12995,106,1,211.32
12722,106,4,997.63
16878,105,1,13.3
16709,105,14,9087.46
16573,105,2,663.61
16108,105,4,2235.92
15975,105,1,371.01
15523,105,16,17359.99
15410,105,10,4685.72
15099,105,1,410.48
14124,105,1,419.58
13563,105,2,777.53
13141,105,17,7668.58
12871,105,3,744.02
12434,105,3,1103.43
18194,103,6,4162.04
17802,103,10,5053.12
16370,103,4,1320.56
15947,103,1,1708.24
13334,103,5,6263.75
13067,103,3,508.51
18232,102,4,592.97
18094,102,13,6391.52
18017,102,4,688.0
17848,102,30,3650.9
17628,102,1,75.75
17058,102,3,1179.89
16906,102,7,1448.8
16527,102,2,1272.44
16080,102,4,602.56
15675,102,4,542.04
15504,102,4,423.85
14934,102,5,3503.5
13774,102,1,345.0
13562,102,8,4838.18
13325,102,1,675.3
13228,102,1,358.0
12752,102,1,4366.78
12527,102,5,735.51
12497,102,3,6248.5
12379,102,4,1620.22
17873,101,18,6515.88
16928,101,29,4113.23
16777,101,5,1307.76
16624,101,2,810.57
16584,101,5,3163.67
16215,101,1,242.35
15888,101,3,429.16
15341,101,2,2402.72
15026,101,5,1061.61
14236,101,5,1744.64
13356,101,1,768.24
13038,101,3,908.46
17731,100,6,1708.99
17475,100,1,194.37
17415,100,1,507.84
16627,100,1,322.8
16493,100,7,2132.09
14951,100,1,311.69
14887,100,1,1862.0
14356,100,2,701.23
13959,100,6,1076.18
13946,100,6,1876.23
13908,100,4,2369.55
12701,100,6,2446.41
12604,100,2,254.18
12550,100,1,964.83
12520,100,5,2634.26
12435,100,6,13925.93
12390,100,1,549.84
17603,99,4,1793.48
17311,99,6,3566.56
17172,99,3,956.57
17079,99,1,118.8
17027,99,9,1327.11
16735,99,14,6270.56
16715,99,2,625.52
16236,99,1,432.2
16213,99,1,159.0
15810,99,8,2999.04
15603,99,2,88.48
15067,99,5,3877.88
14854,99,11,4322.86
14147,99,9,2590.2
14038,99,5,3069.88
13529,99,2,307.76
13519,99,2,343.21
13486,99,3,1122.41
13320,99,6,2228.1
13279,99,1,137.75
13220,99,5,1336.09
13055,99,4,2321.11
12930,99,2,415.8
12854,99,7,2994.02
12739,99,4,2726.73
12609,99,9,3435.86
12579,99,1,440.42
12425,99,2,1741.41
12409,99,7,23419.29
18189,98,3,1403.73
17480,98,2,902.03
17388,98,11,2691.57
16978,98,3,768.88
16872,98,6,1213.13
16485,98,5,2294.68
15978,98,3,3279.42
15744,98,1,34.8
15549,98,8,2345.96
15475,98,1,454.11
15075,98,1,773.03
14880,98,3,706.19
14652,98,1,114.18
14014,98,3,1948.21
13336,98,1,795.12
13127,98,1,259.17
12516,98,4,2648.62
18155,96,3,371.62
18066,96,3,1440.4
17506,96,1,302.2
17498,96,1,272.22
17154,96,1,329.34
16689,96,2,422.6
16594,96,1,181.09
16480,96,1,769.29
16342,96,4,322.41
16198,96,2,1030.04
15799,96,4,1424.29
15366,96,7,2389.08
15312,96,12,2930.19
15154,96,3,1388.41
14806,96,2,303.43
14757,96,1,420.5
14561,96,3,1080.76
14235,96,9,4717.99
14152,96,7,1997.34
13787,96,6,1222.5
13670,96,1,349.7
12545,96,2,1000.39
12348,96,5,2019.4
17997,95,8,1970.67
17674,95,2,851.7
16778,95,2,245.94
16603,95,2,482.47
16468,95,3,787.52
16383,95,7,2974.84
15958,95,4,492.99
15626,95,3,1067.52
15243,95,2,927.28
14908,95,2,381.9
14473,95,2,234.34
13927,95,2,708.26
13866,95,1,145.67
13639,95,2,1346.27
13434,95,5,1666.86
13405,95,6,1213.81
13390,95,1,544.08
13233,95,4,1176.46
12823,95,18,6501.5
12612,95,1,704.04
12412,95,6,2596.93
18278,94,2,414.2
17805,94,2,927.03
17788,94,2,1117.9
17656,94,5,1674.69
17591,94,8,2776.67
17061,94,11,5232.23
16629,94,2,417.73
16462,94,3,136.0
16266,94,14,1757.95
16181,94,1,305.54
16122,94,6,1001.34
15827,94,28,3794.07
15674,94,13,6948.23
14818,94,6,1170.41
14272,94,4,920.81
14101,94,13,9961.93
13979,94,7,3416.23
13555,94,13,8999.19
13514,94,4,815.9
13035,94,3,1364.2
13016,94,3,789.89
12987,94,5,1312.21
12455,94,10,5879.95
18265,93,2,801.51
18242,93,8,3605.21
17950,93,7,1432.81
17783,93,3,379.91
17513,93,3,1158.8
17370,93,4,446.18
16909,93,1,379.14
16690,93,4,353.03
16681,93,7,1921.84
16321,93,7,604.55
16281,93,3,3424.02
16182,93,9,9971.65
15841,93,9,2742.41
15348,93,1,158.04
15036,93,3,465.55
14978,93,10,3142.14
14947,93,6,1049.79
14609,93,10,1486.2
14109,93,1,144.2
13901,93,15,5676.34
13515,93,6,1265.82
13505,93,4,4393.63
13397,93,10,3191.87
13321,93,2,567.36
13061,93,1,248.61
12393,93,6,2399.45
18235,92,3,1796.48
18204,92,3,1993.7
18192,92,1,957.97
17905,92,13,2383.52
17894,92,18,2453.38
17819,92,12,6612.52
17724,92,3,1033.0
17572,92,10,723.01
17427,92,1,100.8
16650,92,7,1916.11
16589,92,4,612.36
16574,92,3,1301.78
16268,92,2,667.65
16233,92,9,1965.71
15175,92,1,224.14
15062,92,8,2585.62
15030,92,8,1979.91
14681,92,6,875.15
14475,92,4,1151.15
14409,92,9,3756.09
14305,92,3,1858.96
13886,92,1,243.56
13741,92,3,668.43
13503,92,6,1905.39
13364,92,1,134.96
13354,92,1,743.53
12728,92,5,1070.17
12718,92,1,238.25
12703,92,4,1006.53
12458,92,4,1777.49
12372,92,3,1298.04
18053,91,3,571.07
18008,91,23,19787.13
17376,91,4,453.64
16613,91,1,618.59
16404,91,1,443.05
16101,91,4,3229.16
15834,91,7,3772.99
15593,91,1,199.8
15321,91,12,6709.73
15185,91,1,310.62
14916,91,8,3042.95
14164,91,2,1631.77
13972,91,2,190.25
13764,91,6,2953.26
13347,91,1,341.36
13095,91,1,74.4
13092,91,12,2140.28
12842,91,4,1917.99
12822,91,2,948.88
12694,91,3,1843.35
